{"stats":{"minecraft:killed":{"minecraft:zombie":1},"minecraft:used":{"minecraft:rotten_flesh":1,"minecraft:stone_axe":3,"minecraft:dirt":1,"minecraft:zombie_spawn_egg":1,"minecraft:stripped_jungle_wood":1,"minecraft:spruce_log":1},"minecraft:custom":{"minecraft:time_since_rest":27000,"minecraft:crouch_one_cm":328,"minecraft:play_time":27000,"minecraft:sprint_one_cm":12209,"minecraft:damage_taken":180,"minecraft:walk_one_cm":15998,"minecraft:sneak_time":153,"minecraft:mob_kills":2,"minecraft:drop":3,"minecraft:jump":128,"minecraft:damage_dealt":307,"minecraft:leave_game":3,"minecraft:walk_on_water_one_cm":209,"minecraft:time_since_death":27000,"minecraft:total_world_time":27000,"minecraft:fall_one_cm":5146,"minecraft:fly_one_cm":38046},"minecraft:picked_up":{"minecraft:rotten_flesh":6,"minecraft:spruce_log":1,"minecraft:dirt":1},"minecraft:dropped":{"minecraft:rotten_flesh":3},"minecraft:mined":{"minecraft:grass":2,"minecraft:grass_block":1,"minecraft:spruce_log":1,"minecraft:fern":1}},"DataVersion":3465}