{"stats":{"minecraft:used":{"minecraft:netherrack":4,"minecraft:flint_and_steel":3,"minecraft:obsidian":19},"minecraft:mined":{"minecraft:grass":1},"minecraft:custom":{"minecraft:jump":76,"minecraft:time_since_rest":461,"minecraft:leave_game":1,"minecraft:crouch_one_cm":1044,"minecraft:deaths":1,"minecraft:sprint_one_cm":12007,"minecraft:play_time":6014,"minecraft:damage_taken":240,"minecraft:time_since_death":432,"minecraft:walk_one_cm":4501,"minecraft:sneak_time":248,"minecraft:total_world_time":6014,"minecraft:drop":3,"minecraft:fall_one_cm":1463,"minecraft:fly_one_cm":153268},"minecraft:dropped":{"minecraft:netherrack":1,"minecraft:obsidian":1,"minecraft:flint_and_steel":1}},"DataVersion":3465}