{"stats":{"minecraft:used":{"minecraft:netherrack":4,"minecraft:flint_and_steel":3,"minecraft:obsidian":19},"minecraft:mined":{"minecraft:grass":1},"minecraft:custom":{"minecraft:jump":86,"minecraft:time_since_rest":754,"minecraft:damage_taken":240,"minecraft:crouch_one_cm":1044,"minecraft:leave_game":2,"minecraft:sprint_one_cm":14093,"minecraft:play_time":6307,"minecraft:walk_one_cm":4670,"minecraft:time_since_death":725,"minecraft:deaths":1,"minecraft:sneak_time":248,"minecraft:total_world_time":6307,"minecraft:drop":3,"minecraft:fall_one_cm":1463,"minecraft:fly_one_cm":156744},"minecraft:dropped":{"minecraft:netherrack":1,"minecraft:obsidian":1,"minecraft:flint_and_steel":1}},"DataVersion":3465}