{"stats":{"minecraft:used":{"minecraft:creeper_spawn_egg":3,"minecraft:oak_log":4,"minecraft:shield":1,"minecraft:iron_sword":4,"minecraft:bamboo":2,"minecraft:enchanted_golden_apple":1},"minecraft:custom":{"minecraft:time_since_rest":6595,"minecraft:damage_absorbed":49,"minecraft:sprint_one_cm":16082,"minecraft:damage_taken":150,"minecraft:walk_one_cm":11442,"minecraft:damage_blocked_by_shield":10,"minecraft:mob_kills":1,"minecraft:drop":11,"minecraft:damage_dealt":285,"minecraft:fly_one_cm":40677,"minecraft:play_time":6595,"minecraft:jump":141,"minecraft:leave_game":1,"minecraft:time_since_death":6595,"minecraft:walk_on_water_one_cm":193,"minecraft:total_world_time":6595,"minecraft:damage_resisted":12,"minecraft:fall_one_cm":9642},"minecraft:mined":{"minecraft:grass":2,"minecraft:oak_log":4,"minecraft:bamboo_sapling":1,"minecraft:bamboo":3,"minecraft:oak_leaves":1},"minecraft:dropped":{"minecraft:iron_sword":1,"minecraft:shield":1,"minecraft:iron_chestplate":1,"minecraft:creeper_spawn_egg":3,"minecraft:iron_helmet":1,"minecraft:iron_leggings":1,"minecraft:iron_boots":1,"minecraft:enchanted_golden_apple":2},"minecraft:killed":{"minecraft:creeper":1},"minecraft:picked_up":{"minecraft:iron_chestplate":1,"minecraft:oak_log":4,"minecraft:shield":1,"minecraft:gunpowder":1,"minecraft:iron_leggings":1,"minecraft:wheat_seeds":1,"minecraft:creeper_spawn_egg":3,"minecraft:iron_helmet":1,"minecraft:enchanted_golden_apple":2,"minecraft:bamboo":35,"minecraft:iron_sword":1,"minecraft:iron_boots":1}},"DataVersion":3465}